{
    "name": "root",
    "gauges": {
        "MoveToFood.Policy.Entropy.mean": {
            "value": 1.4788559675216675,
            "min": 1.4101454019546509,
            "max": 1.4788559675216675,
            "count": 25
        },
        "MoveToFood.Environment.EpisodeLength.mean": {
            "value": 5.4370179948586115,
            "min": 4.72022792022792,
            "max": 114.88505747126437,
            "count": 25
        },
        "MoveToFood.Policy.ExtrinsicValueEstimate.mean": {
            "value": 0.9673169255256653,
            "min": 0.14312568306922913,
            "max": 0.9735057353973389,
            "count": 25
        },
        "MoveToFood.Environment.CumulativeReward.mean": {
            "value": 0.9987113402061856,
            "min": -0.7407407407407407,
            "max": 1.0,
            "count": 25
        },
        "MoveToFood.Policy.ExtrinsicReward.mean": {
            "value": 0.9987113402061856,
            "min": -0.7407407407407407,
            "max": 1.0,
            "count": 25
        },
        "MoveToFood.Losses.PolicyLoss.mean": {
            "value": 0.24156749636854197,
            "min": 0.2370057825194845,
            "max": 0.2494357531919318,
            "count": 25
        },
        "MoveToFood.Losses.ValueLoss.mean": {
            "value": 0.005104939687896159,
            "min": 0.001689186379711479,
            "max": 0.9192083116123317,
            "count": 25
        },
        "MoveToFood.Policy.LearningRate.mean": {
            "value": 0.00015300050499984802,
            "min": 0.00015300050499984802,
            "max": 0.00029695698101433993,
            "count": 25
        },
        "MoveToFood.Policy.Epsilon.mean": {
            "value": 0.15100015200000003,
            "min": 0.15100015200000003,
            "max": 0.19898566,
            "count": 25
        },
        "MoveToFood.Policy.Beta.mean": {
            "value": 0.0002599007448,
            "min": 0.0002599007448,
            "max": 0.000495029734,
            "count": 25
        },
        "MoveToFood.IsTraining.mean": {
            "value": 1.0,
            "min": 1.0,
            "max": 1.0,
            "count": 25
        }
    },
    "metadata": {
        "timer_format_version": "0.1.0",
        "start_time_seconds": "1614953806",
        "python_version": "3.7.1 (v3.7.1:260ec2c36a, Oct 20 2018, 14:57:15) [MSC v.1915 64 bit (AMD64)]",
        "command_line_arguments": "C:\\Users\\taban\\AppData\\Local\\Programs\\Python\\Python37\\Scripts\\mlagents-learn config/moveToGoal.yaml --run-id=Test1 --resume",
        "mlagents_version": "0.23.0",
        "mlagents_envs_version": "0.23.0",
        "communication_protocol_version": "1.3.0",
        "pytorch_version": "1.7.1+cu110",
        "numpy_version": "1.20.0",
        "end_time_seconds": "1614954464"
    },
    "total": 658.0825442,
    "count": 1,
    "self": 0.007036200000015924,
    "children": {
        "run_training.setup": {
            "total": 0.013083300000000131,
            "count": 1,
            "self": 0.013083300000000131
        },
        "TrainerController.start_learning": {
            "total": 658.0624247000001,
            "count": 1,
            "self": 1.350477200004093,
            "children": {
                "TrainerController._reset_env": {
                    "total": 8.300622500000001,
                    "count": 1,
                    "self": 8.300622500000001
                },
                "TrainerController.advance": {
                    "total": 648.312194299996,
                    "count": 44358,
                    "self": 0.6699398999955974,
                    "children": {
                        "env_step": {
                            "total": 647.6422544000004,
                            "count": 44358,
                            "self": 603.9392073999843,
                            "children": {
                                "SubprocessEnvManager._take_step": {
                                    "total": 42.9207785000155,
                                    "count": 44358,
                                    "self": 1.971004900014286,
                                    "children": {
                                        "TorchPolicy.evaluate": {
                                            "total": 40.949773600001215,
                                            "count": 21141,
                                            "self": 7.829462499994847,
                                            "children": {
                                                "TorchPolicy.sample_actions": {
                                                    "total": 33.12031110000637,
                                                    "count": 21141,
                                                    "self": 33.12031110000637
                                                }
                                            }
                                        }
                                    }
                                },
                                "workers": {
                                    "total": 0.7822685000006278,
                                    "count": 44357,
                                    "self": 0.0,
                                    "children": {
                                        "worker_root": {
                                            "total": 648.1266650000072,
                                            "count": 44357,
                                            "is_parallel": true,
                                            "self": 402.2679131000085,
                                            "children": {
                                                "steps_from_proto": {
                                                    "total": 0.0004167000000006027,
                                                    "count": 1,
                                                    "is_parallel": true,
                                                    "self": 0.0001762000000002928,
                                                    "children": {
                                                        "_process_vector_observation": {
                                                            "total": 0.0002405000000003099,
                                                            "count": 2,
                                                            "is_parallel": true,
                                                            "self": 0.0002405000000003099
                                                        }
                                                    }
                                                },
                                                "UnityEnvironment.step": {
                                                    "total": 245.85833519999866,
                                                    "count": 44357,
                                                    "is_parallel": true,
                                                    "self": 6.008643199984249,
                                                    "children": {
                                                        "UnityEnvironment._generate_step_input": {
                                                            "total": 7.313459599997092,
                                                            "count": 44357,
                                                            "is_parallel": true,
                                                            "self": 7.313459599997092
                                                        },
                                                        "communicator.exchange": {
                                                            "total": 219.17315130000645,
                                                            "count": 44357,
                                                            "is_parallel": true,