{"cameraMode":{"drawMode":0,"name":"Shaded","section":"Shading Mode"},"sceneLighting":false,"audioPlay":false,"sceneViewState":{"showFog":false,"showMaterialUpdate":false,"showSkybox":false,"showFlares":false,"showImageEffects":false,"showParticleSystems":false},"in2DMode":false,"pivot":{"x":30.459489822387697,"y":-4.983650207519531,"z":-64.15522003173828},"rotation":{"x":0.7315329313278198,"y":-0.0273332130163908,"z":0.029446998611092569,"w":0.6806694269180298},"size":58.4238395690918,"orthographic":false}