{"cameraMode":{"drawMode":0,"name":"Shaded","section":"Shading Mode"},"sceneLighting":false,"audioPlay":false,"sceneViewState":{"showFog":false,"showMaterialUpdate":false,"showSkybox":false,"showFlares":false,"showImageEffects":false,"showParticleSystems":false},"in2DMode":false,"pivot":{"x":-0.7575107216835022,"y":-0.414886474609375,"z":-0.46890702843666079},"rotation":{"x":0.5873683094978333,"y":0.013352054171264172,"z":-0.009692428633570671,"w":0.8091586828231812},"size":23.960105895996095,"orthographic":false}